component 0,component 1,component 2,请选择使用模式,flag,username,timestamp
长安新生内部员工贷款车辆需要安装GPS吗？,/Users/wavy/Desktop/auto-st/langchain-ChatGLM/knowledge_base/caxins_ods/vector_store,/Users/wavy/Desktop/auto-st/langchain-ChatGLM/flagged/component 2/tmpjun6xbqq.json,知识库问答,,444187d8e07b4c39a6cb9b715213e471,2023-07-24 11:08:59.175367
你好,/Users/wavy/Desktop/auto-st/langchain-ChatGLM/knowledge_base/caxins_ods/vector_store,/Users/wavy/Desktop/auto-st/langchain-ChatGLM/flagged/component 2/tmpullv7e96.json,知识库问答,,444187d8e07b4c39a6cb9b715213e471,2023-07-24 11:09:27.292879
根据知识库回答问题,/Users/wavy/Desktop/auto-st/langchain-ChatGLM/knowledge_base/caxins_ods/vector_store,/Users/wavy/Desktop/auto-st/langchain-ChatGLM/flagged/component 2/tmpy5gmxli4.json,知识库问答,,444187d8e07b4c39a6cb9b715213e471,2023-07-24 11:09:46.589332
长安新生二手车最低首付比例是多少？,/Users/wavy/Desktop/auto-st/langchain-ChatGLM/knowledge_base/caxins_ods/vector_store,/Users/wavy/Desktop/auto-st/langchain-ChatGLM/flagged/component 2/tmpe7lxgrd3.json,知识库问答,,444187d8e07b4c39a6cb9b715213e471,2023-07-24 11:10:06.285778
长安新生二手车最低首付比例是多少？,/Users/wavy/Desktop/auto-st/langchain-ChatGLM/knowledge_base/caxins_ods/vector_store,/Users/wavy/Desktop/auto-st/langchain-ChatGLM/flagged/component 2/tmp91_wnt82.json,知识库问答,,444187d8e07b4c39a6cb9b715213e471,2023-07-24 11:10:57.900758
长安新生二手车最低首付比例是多少？,/Users/wavy/Desktop/auto-st/langchain-ChatGLM/knowledge_base/caxins_ods/vector_store,/Users/wavy/Desktop/auto-st/langchain-ChatGLM/flagged/component 2/tmp8gayz98n.json,知识库问答,,444187d8e07b4c39a6cb9b715213e471,2023-07-24 11:11:09.947929
长安新生内部员工贷款车辆需要加装GPS吗,/Users/wavy/Desktop/auto-st/langchain-ChatGLM/knowledge_base/caxins_ods/vector_store,/Users/wavy/Desktop/auto-st/langchain-ChatGLM/flagged/component 2/tmpkhci7t57.json,知识库测试,,1fac2fd049fc4801aef1acfbf777d892,2023-07-24 11:14:32.814151
内部员工贷款车辆需要加装GPS吗,/Users/wavy/Desktop/auto-st/langchain-ChatGLM/knowledge_base/caxins_ods/vector_store,/Users/wavy/Desktop/auto-st/langchain-ChatGLM/flagged/component 2/tmpdfpusbw7.json,知识库测试,,1fac2fd049fc4801aef1acfbf777d892,2023-07-24 11:14:52.656910
内部员工贷款车辆需要加装GPS吗,/Users/wavy/Desktop/auto-st/langchain-ChatGLM/knowledge_base/caxins_ods/vector_store,/Users/wavy/Desktop/auto-st/langchain-ChatGLM/flagged/component 2/tmpmjtq7a1i.json,知识库测试,,1fac2fd049fc4801aef1acfbf777d892,2023-07-24 11:15:03.569319
内部员工贷款车辆需要加装GPS吗,/Users/wavy/Desktop/auto-st/langchain-ChatGLM/knowledge_base/caxins_ods/vector_store,/Users/wavy/Desktop/auto-st/langchain-ChatGLM/flagged/component 2/tmpvmf1to60.json,知识库问答,,1fac2fd049fc4801aef1acfbf777d892,2023-07-24 11:15:18.518820
内部员工贷款车辆需要加装GPS吗,/Users/wavy/Desktop/auto-st/langchain-ChatGLM/knowledge_base/caxins_ods/vector_store,/Users/wavy/Desktop/auto-st/langchain-ChatGLM/flagged/component 2/tmp_ulytszs.json,知识库问答,,1fac2fd049fc4801aef1acfbf777d892,2023-07-24 11:15:35.823871
长安新生内部员工贷款车辆需要加装GPS吗,/Users/wavy/Desktop/auto-st/langchain-ChatGLM/knowledge_base/caxins_ods/vector_store,/Users/wavy/Desktop/auto-st/langchain-ChatGLM/flagged/component 2/tmpmq0ci4yc.json,知识库问答,,1fac2fd049fc4801aef1acfbf777d892,2023-07-24 11:16:48.179949
长安新生内部员工贷款车辆需要加装GPS吗,/Users/wavy/Desktop/auto-st/langchain-ChatGLM/knowledge_base/caxins_ods/vector_store,/Users/wavy/Desktop/auto-st/langchain-ChatGLM/flagged/component 2/tmpyla7mumw.json,知识库问答,,1fac2fd049fc4801aef1acfbf777d892,2023-07-24 11:16:51.014586
新生二手车贷款的最低首付比例是多少？,/Users/wavy/Desktop/auto-st/langchain-ChatGLM/knowledge_base/caxins_ods/vector_store,/Users/wavy/Desktop/auto-st/langchain-ChatGLM/flagged/component 2/tmpjl0u905q.json,知识库问答,,1fac2fd049fc4801aef1acfbf777d892,2023-07-24 11:22:53.505583
长安新生二手车最低首付比例,/Users/wavy/Desktop/auto-st/langchain-ChatGLM/knowledge_base/caxins_ods/vector_store,/Users/wavy/Desktop/auto-st/langchain-ChatGLM/flagged/component 2/tmpm9k4_589.json,知识库问答,,e7538433d9334161bd9f3ce52edb7842,2023-07-24 13:18:40.625303
长安新生二手车最低首付比例是多少？,/Users/wavy/Desktop/auto-st/langchain-ChatGLM/knowledge_base/新建知识库/vector_store,/Users/wavy/Desktop/auto-st/langchain-ChatGLM/flagged/component 2/tmp4rh7kst6.json,知识库问答,,f5994c1853de4c3488d36aaa00aa456a,2023-07-24 13:20:56.524478
长安新生二手车最低首付比例是多少？,/Users/wavy/Desktop/auto-st/langchain-ChatGLM/knowledge_base/caxins_ods/vector_store,/Users/wavy/Desktop/auto-st/langchain-ChatGLM/flagged/component 2/tmpi4qwp8md.json,知识库测试,,f5994c1853de4c3488d36aaa00aa456a,2023-07-24 13:21:17.784161
长安新生二手车最低首付比例是多少？,/Users/wavy/Desktop/auto-st/langchain-ChatGLM/knowledge_base/caxins_ods/vector_store,/Users/wavy/Desktop/auto-st/langchain-ChatGLM/flagged/component 2/tmpa1uzq2p4.json,知识库测试,,f5994c1853de4c3488d36aaa00aa456a,2023-07-24 13:21:33.544717
长安新生二手车最低首付比例是多少？,/Users/wavy/Desktop/auto-st/langchain-ChatGLM/knowledge_base/caxins_ods/vector_store,/Users/wavy/Desktop/auto-st/langchain-ChatGLM/flagged/component 2/tmpk3aggz4u.json,知识库测试,,f5994c1853de4c3488d36aaa00aa456a,2023-07-24 13:21:45.154779
长安新生二手车最低首付比例是多少？,/Users/wavy/Desktop/auto-st/langchain-ChatGLM/knowledge_base/caxins_ods/vector_store,/Users/wavy/Desktop/auto-st/langchain-ChatGLM/flagged/component 2/tmpqce60wn4.json,知识库问答,,f5994c1853de4c3488d36aaa00aa456a,2023-07-24 13:22:04.353986
长安新生二手车最低首付比例是多少？,/Users/wavy/Desktop/auto-st/langchain-ChatGLM/knowledge_base/caxins_ods/vector_store,/Users/wavy/Desktop/auto-st/langchain-ChatGLM/flagged/component 2/tmpomnzprmf.json,知识库问答,,215f1fdaee7649ff9e679000e5f73c2f,2023-07-24 13:29:26.471574
我月收入1万元，现在想要进行贷款，经过评估，我每个月需要还款9000元，那么我可以在贵公司申请贷款吗？,/Users/wavy/Desktop/auto-st/langchain-ChatGLM/knowledge_base/caxins_ods/vector_store,/Users/wavy/Desktop/auto-st/langchain-ChatGLM/flagged/component 2/tmp6pu87alb.json,知识库问答,,f919e882d5df4be99102921b7184dc08,2023-07-24 14:34:50.885897
我是长安新生的员工，我在申请贷款时可以不给车辆安装GPS吗？,/Users/wavy/Desktop/auto-st/langchain-ChatGLM/knowledge_base/caxins_ods/vector_store,/Users/wavy/Desktop/auto-st/langchain-ChatGLM/flagged/component 2/tmp3ovcl8t0.json,知识库问答,,f919e882d5df4be99102921b7184dc08,2023-07-24 14:35:24.579558
如果我准备贷款80万买辆库存新车，那么我原则上最少需要支付多少首付？,/Users/wavy/Desktop/auto-st/langchain-ChatGLM/knowledge_base/新建知识库/vector_store,/Users/wavy/Desktop/auto-st/langchain-ChatGLM/flagged/component 2/tmp61fru_d6.json,知识库问答,,3c9ecc014f5642b8ab0c2e7c7d629dc5,2023-07-24 14:38:41.899861
如果我准备贷款80万买辆库存新车，那么我原则上最少需要支付多少首付？,/Users/wavy/Desktop/auto-st/langchain-ChatGLM/knowledge_base/caxins_ods/vector_store,/Users/wavy/Desktop/auto-st/langchain-ChatGLM/flagged/component 2/tmpeu_yv_m0.json,知识库问答,,3c9ecc014f5642b8ab0c2e7c7d629dc5,2023-07-24 14:39:17.825409
我准备买辆12座的皮卡，可以在长安新生贷款吗？,/Users/wavy/Desktop/auto-st/langchain-ChatGLM/knowledge_base/caxins_ods/vector_store,/Users/wavy/Desktop/auto-st/langchain-ChatGLM/flagged/component 2/tmpak45k91f.json,知识库问答,,3c9ecc014f5642b8ab0c2e7c7d629dc5,2023-07-24 14:39:42.451658
如果我准备贷款80万买辆库存新车，那么我原则上最少需要支付多少首付？,/Users/wavy/Desktop/auto-st/langchain-ChatGLM/knowledge_base/caxins_ods/vector_store,/Users/wavy/Desktop/auto-st/langchain-ChatGLM/flagged/component 2/tmpc374xo9p.json,知识库问答,,2e7903e5f0ea41f184e017379f69b5a4,2023-07-24 14:41:29.394873
我准备买辆12座的皮卡，可以在长安新生贷款吗？,/Users/wavy/Desktop/auto-st/langchain-ChatGLM/knowledge_base/caxins_ods/vector_store,/Users/wavy/Desktop/auto-st/langchain-ChatGLM/flagged/component 2/tmpemytyn4f.json,知识库问答,,a34dbf60068b474a828d075a0feb26c5,2023-07-24 14:55:17.418623
如果我准备贷款80万买辆库存新车，那么我原则上最少需要支付多少首付？,/Users/wavy/Desktop/auto-st/langchain-ChatGLM/knowledge_base/新建知识库/vector_store,/Users/wavy/Desktop/auto-st/langchain-ChatGLM/flagged/component 2/tmphmd3l06o.json,知识库问答,,ed8ace8506064a2283894fed34482b0b,2023-07-24 15:01:05.406465
如果我准备贷款80万买辆库存新车，那么我原则上最少需要支付多少首付？,/Users/wavy/Desktop/auto-st/langchain-ChatGLM/knowledge_base/caxins_ods/vector_store,/Users/wavy/Desktop/auto-st/langchain-ChatGLM/flagged/component 2/tmp_2txpzx_.json,知识库问答,,ed8ace8506064a2283894fed34482b0b,2023-07-24 15:01:10.588440
如果我准备贷款80万买辆库存新车，那么我原则上最少需要支付多少首付？,/Users/wavy/Desktop/auto-st/langchain-ChatGLM/knowledge_base/caxins_ods/vector_store,/Users/wavy/Desktop/auto-st/langchain-ChatGLM/flagged/component 2/tmpdx1w43yp.json,知识库问答,,78f5f9e9998743259d8499db63b4b96c,2023-07-24 15:10:23.165498
你好,/Users/wavy/Desktop/auto-st/langchain-ChatGLM/knowledge_base/caxins_ods/vector_store,/Users/wavy/Desktop/auto-st/langchain-ChatGLM/flagged/component 2/tmp49gla76b.json,知识库问答,,0b6cc545b1a1446ea995738bae3ee991,2023-07-24 15:17:38.595267
你好,/Users/wavy/Desktop/auto-st/langchain-ChatGLM/knowledge_base/caxins_ods/vector_store,/Users/wavy/Desktop/auto-st/langchain-ChatGLM/flagged/component 2/tmpdtjo0k1d.json,知识库问答,,9f1d24b75f84490cabbb5cf279865c7d,2023-07-24 15:19:48.625834
你好,/Users/wavy/Desktop/auto-st/langchain-ChatGLM/knowledge_base/caxins_ods/vector_store,/Users/wavy/Desktop/auto-st/langchain-ChatGLM/flagged/component 2/tmpb5x01x56.json,知识库问答,,062a9b5b54d64875bd0bcc6789fd26f7,2023-07-24 16:05:46.819161
你好,/Users/wavy/Desktop/auto-st/langchain-ChatGLM/knowledge_base/caxins_ods/vector_store,/Users/wavy/Desktop/auto-st/langchain-ChatGLM/flagged/component 2/tmprzs3epgu.json,知识库问答,,610a03d8d1094cc996e3bcc25192fec1,2023-07-24 16:07:24.015093
你好,/Users/wavy/Desktop/auto-st/langchain-ChatGLM/knowledge_base/caxins_ods/vector_store,/Users/wavy/Desktop/auto-st/langchain-ChatGLM/flagged/component 2/tmpck5xw3kx.json,知识库问答,,610a03d8d1094cc996e3bcc25192fec1,2023-07-24 16:07:32.539187
你好,/Users/wavy/Desktop/auto-st/langchain-ChatGLM/knowledge_base/caxins_ods/vector_store,/Users/wavy/Desktop/auto-st/langchain-ChatGLM/flagged/component 2/tmp042eny6a.json,知识库问答,,610a03d8d1094cc996e3bcc25192fec1,2023-07-24 16:07:43.792556
你好,/Users/wavy/Desktop/auto-st/langchain-ChatGLM/knowledge_base/新建知识库/vector_store,/Users/wavy/Desktop/auto-st/langchain-ChatGLM/flagged/component 2/tmpzzj38uft.json,知识库问答,,e47fa607a6354f1ca119af440b0c4d25,2023-07-24 16:09:40.690498
你好,/Users/wavy/Desktop/auto-st/langchain-ChatGLM/knowledge_base/caxins_ods/vector_store,/Users/wavy/Desktop/auto-st/langchain-ChatGLM/flagged/component 2/tmp17htm9nl.json,知识库问答,,e47fa607a6354f1ca119af440b0c4d25,2023-07-24 16:09:50.533135
你好,/Users/wavy/Desktop/auto-st/langchain-ChatGLM/knowledge_base/caxins_ods/vector_store,/Users/wavy/Desktop/auto-st/langchain-ChatGLM/flagged/component 2/tmpppxeb4xo.json,知识库问答,,e47fa607a6354f1ca119af440b0c4d25,2023-07-24 16:10:03.674004
你好,/Users/wavy/Desktop/auto-st/langchain-ChatGLM/knowledge_base/caxins_ods/vector_store,/Users/wavy/Desktop/auto-st/langchain-ChatGLM/flagged/component 2/tmpmy2fja7h.json,知识库问答,,e47fa607a6354f1ca119af440b0c4d25,2023-07-24 16:10:25.753730
你好,/Users/wavy/Desktop/auto-st/langchain-ChatGLM/knowledge_base/caxins_ods/vector_store,/Users/wavy/Desktop/auto-st/langchain-ChatGLM/flagged/component 2/tmpu3mka0so.json,知识库问答,,a2d59a331d074decb7387f034d89b612,2023-07-24 16:13:04.267233
你好,/Users/wavy/Desktop/auto-st/langchain-ChatGLM/knowledge_base/caxins_ods/vector_store,/Users/wavy/Desktop/auto-st/langchain-ChatGLM/flagged/component 2/tmppaqnouz2.json,知识库问答,,a2d59a331d074decb7387f034d89b612,2023-07-24 16:13:14.291675
你好,/Users/wavy/Desktop/auto-st/langchain-ChatGLM/knowledge_base/caxins_ods/vector_store,/Users/wavy/Desktop/auto-st/langchain-ChatGLM/flagged/component 2/tmp3awjrxqo.json,知识库问答,,0d32e083e9d2406ab3c515ffff3754c7,2023-07-24 16:13:57.670370
你好,/Users/wavy/Desktop/auto-st/langchain-ChatGLM/knowledge_base/caxins_ods/vector_store,/Users/wavy/Desktop/auto-st/langchain-ChatGLM/flagged/component 2/tmpfhy86szi.json,知识库问答,,0d32e083e9d2406ab3c515ffff3754c7,2023-07-24 16:14:04.759696
你好,/Users/wavy/Desktop/auto-st/langchain-ChatGLM/knowledge_base/新建知识库/vector_store,/Users/wavy/Desktop/auto-st/langchain-ChatGLM/flagged/component 2/tmpnmx956h8.json,知识库问答,,cf154cd4623547058edf3a8ee637c869,2023-07-24 16:21:16.032807
你好,/Users/wavy/Desktop/auto-st/langchain-ChatGLM/knowledge_base/caxins_ods/vector_store,/Users/wavy/Desktop/auto-st/langchain-ChatGLM/flagged/component 2/tmplpoqc25j.json,知识库问答,,cf154cd4623547058edf3a8ee637c869,2023-07-24 16:21:23.639603
你好,/Users/wavy/Desktop/auto-st/langchain-ChatGLM/knowledge_base/caxins_ods/vector_store,/Users/wavy/Desktop/auto-st/langchain-ChatGLM/flagged/component 2/tmpquaaro62.json,知识库问答,,cf154cd4623547058edf3a8ee637c869,2023-07-24 16:21:48.536908
你好,/Users/wavy/Desktop/auto-st/langchain-ChatGLM/knowledge_base/caxins_ods/vector_store,/Users/wavy/Desktop/auto-st/langchain-ChatGLM/flagged/component 2/tmpdp2ae17m.json,知识库问答,,e682f55a8cb44ec3ad6822447eca401b,2023-07-24 16:24:12.513740
你好,/Users/wavy/Desktop/auto-st/langchain-ChatGLM/knowledge_base/caxins_ods/vector_store,/Users/wavy/Desktop/auto-st/langchain-ChatGLM/flagged/component 2/tmpcc8il6ch.json,知识库问答,,e682f55a8cb44ec3ad6822447eca401b,2023-07-24 16:24:20.980449
你好,/Users/wavy/Desktop/auto-st/langchain-ChatGLM/knowledge_base/新建知识库/vector_store,/Users/wavy/Desktop/auto-st/langchain-ChatGLM/flagged/component 2/tmpgk69krlx.json,知识库问答,,ecbed16882a246d3843d9b859eca4bd1,2023-07-24 16:27:47.564334
你好,/Users/wavy/Desktop/auto-st/langchain-ChatGLM/knowledge_base/新建知识库/vector_store,/Users/wavy/Desktop/auto-st/langchain-ChatGLM/flagged/component 2/tmp_2ny_ict.json,知识库问答,,ecbed16882a246d3843d9b859eca4bd1,2023-07-24 16:27:56.515988
history,/Users/wavy/Desktop/auto-st/langchain-ChatGLM/knowledge_base/caxins_ods/vector_store,/Users/wavy/Desktop/auto-st/langchain-ChatGLM/flagged/component 2/tmppq424cpd.json,知识库问答,,ecbed16882a246d3843d9b859eca4bd1,2023-07-24 16:28:17.465053
你好,/Users/wavy/Desktop/auto-st/langchain-ChatGLM/knowledge_base/caxins_ods/vector_store,/Users/wavy/Desktop/auto-st/langchain-ChatGLM/flagged/component 2/tmpnohfzj_x.json,知识库问答,,f02d23a47331402d9d67ec8cd5b7ecf9,2023-07-24 16:30:51.466172
你好,/Users/wavy/Desktop/auto-st/langchain-ChatGLM/knowledge_base/caxins_ods/vector_store,/Users/wavy/Desktop/auto-st/langchain-ChatGLM/flagged/component 2/tmpev2mfzzi.json,知识库问答,,fca88fe867ea4f80b5c977ad8c11f70e,2023-07-24 16:35:22.041691
你好,/Users/wavy/Desktop/auto-st/langchain-ChatGLM/knowledge_base/caxins_ods/vector_store,/Users/wavy/Desktop/auto-st/langchain-ChatGLM/flagged/component 2/tmpnmdkh6d3.json,知识库问答,,fca88fe867ea4f80b5c977ad8c11f70e,2023-07-24 16:35:44.295369
如果我准备贷款80万买辆库存新车，那么我原则上最少需要支付多少首付？,/Users/wavy/Desktop/auto-st/langchain-ChatGLM/knowledge_base/caxins_ods/vector_store,/Users/wavy/Desktop/auto-st/langchain-ChatGLM/flagged/component 2/tmpt4pk50bs.json,知识库问答,,fca88fe867ea4f80b5c977ad8c11f70e,2023-07-24 16:36:26.221674
我准备买辆12座的皮卡，可以在长安新生贷款吗？,/Users/wavy/Desktop/auto-st/langchain-ChatGLM/knowledge_base/caxins_ods/vector_store,/Users/wavy/Desktop/auto-st/langchain-ChatGLM/flagged/component 2/tmp9k6dkuub.json,知识库问答,,fca88fe867ea4f80b5c977ad8c11f70e,2023-07-24 16:36:47.657401
我准备买辆12座的皮卡，可以在长安新生贷款吗？,/Users/wavy/Desktop/auto-st/langchain-ChatGLM/knowledge_base/caxins_ods/vector_store,/Users/wavy/Desktop/auto-st/langchain-ChatGLM/flagged/component 2/tmphx6tvo01.json,知识库问答,,b30615f7ab5b489da592eb8f699118d4,2023-07-24 16:39:18.534911
我准备买辆12座的皮卡，可以在长安新生贷款吗？,/Users/wavy/Desktop/auto-st/langchain-ChatGLM/knowledge_base/caxins_ods/vector_store,/Users/wavy/Desktop/auto-st/langchain-ChatGLM/flagged/component 2/tmpzieymjz9.json,知识库问答,,5b742525f97e4677b8b90187437d5a39,2023-07-24 16:40:43.428105
如果我准备贷款80万买辆库存新车，那么我原则上最少需要支付多少首付？,/Users/wavy/Desktop/auto-st/langchain-ChatGLM/knowledge_base/caxins_ods/vector_store,/Users/wavy/Desktop/auto-st/langchain-ChatGLM/flagged/component 2/tmpxclqg0hj.json,知识库问答,,596d35790e3247c78ea254fdf54da4cc,2023-07-24 16:46:48.659685
如果我准备贷款80万买辆库存新车，那么我原则上最少需要支付多少首付？,/Users/wavy/Desktop/auto-st/langchain-ChatGLM/knowledge_base/caxins_ods/vector_store,/Users/wavy/Desktop/auto-st/langchain-ChatGLM/flagged/component 2/tmpqh_q9v3e.json,知识库问答,,28495d7bce4045e18185852be0747b1f,2023-07-24 17:08:42.207431
如果我准备贷款80万买辆库存新车，那么我原则上最少需要支付多少首付？,/Users/wavy/Desktop/auto-st/langchain-ChatGLM/knowledge_base/caxins_ods/vector_store,/Users/wavy/Desktop/auto-st/langchain-ChatGLM/flagged/component 2/tmpmryqjsew.json,知识库问答,,dc21300c0e84409492eae6cec289e37e,2023-07-24 17:09:33.735633
如果我准备贷款80万买辆库存新车，那么我原则上最少需要支付多少首付？,/Users/wavy/Desktop/auto-st/langchain-ChatGLM/knowledge_base/caxins_ods/vector_store,/Users/wavy/Desktop/auto-st/langchain-ChatGLM/flagged/component 2/tmppw_z7_gx.json,知识库问答,,5327cb3a063e4b298146cbf39733cd43,2023-07-24 17:12:39.812361
如果我准备贷款80万买辆库存新车，那么我原则上最少需要支付多少首付？,/Users/wavy/Desktop/auto-st/langchain-ChatGLM/knowledge_base/caxins_ods/vector_store,/Users/wavy/Desktop/auto-st/langchain-ChatGLM/flagged/component 2/tmpd9uz02m5.json,知识库问答,,5327cb3a063e4b298146cbf39733cd43,2023-07-24 17:12:51.676070
我准备买辆12座的皮卡，可以在长安新生贷款吗？,/Users/wavy/Desktop/auto-st/langchain-ChatGLM/knowledge_base/caxins_ods/vector_store,/Users/wavy/Desktop/auto-st/langchain-ChatGLM/flagged/component 2/tmpucg2hj6e.json,知识库问答,,5327cb3a063e4b298146cbf39733cd43,2023-07-24 17:13:03.252174
一个人准备买辆12座的皮卡，可以在长安新生贷款吗？,/Users/wavy/Desktop/auto-st/langchain-ChatGLM/knowledge_base/caxins_ods/vector_store,/Users/wavy/Desktop/auto-st/langchain-ChatGLM/flagged/component 2/tmpwor_opyv.json,知识库问答,,5327cb3a063e4b298146cbf39733cd43,2023-07-24 17:13:37.708742
一个人准备买辆12座的LCV，可以在长安新生贷款吗？,/Users/wavy/Desktop/auto-st/langchain-ChatGLM/knowledge_base/caxins_ods/vector_store,/Users/wavy/Desktop/auto-st/langchain-ChatGLM/flagged/component 2/tmpqjrrwyar.json,知识库问答,,5327cb3a063e4b298146cbf39733cd43,2023-07-24 17:13:54.702510
你好,/Users/wavy/Desktop/auto-st/langchain-ChatGLM/knowledge_base/caxins_ods/vector_store,/Users/wavy/Desktop/auto-st/langchain-ChatGLM/flagged/component 2/tmpnt33uaxf.json,知识库问答,,7cb9cfec1543455f873916dc807523f3,2023-07-24 17:47:40.003921
你好,/Users/wavy/Desktop/auto-st/langchain-ChatGLM/knowledge_base/caxins_ods/vector_store,/Users/wavy/Desktop/auto-st/langchain-ChatGLM/flagged/component 2/tmprse7tflv.json,知识库问答,,7cb9cfec1543455f873916dc807523f3,2023-07-24 17:47:59.999912
你好,/Users/wavy/Desktop/auto-st/langchain-ChatGLM/knowledge_base/caxins_ods/vector_store,/Users/wavy/Desktop/auto-st/langchain-ChatGLM/flagged/component 2/tmpwatdigh8.json,知识库问答,,b1c5b372f6dc4da6808c33e268428a4d,2023-07-24 17:49:00.380791
你好,/Users/wavy/Desktop/auto-st/langchain-ChatGLM/knowledge_base/caxins_ods/vector_store,/Users/wavy/Desktop/auto-st/langchain-ChatGLM/flagged/component 2/tmpepmy6z93.json,知识库问答,,0a99b5e3bbe44203b778dba45db4b211,2023-07-24 17:51:31.854076
如果一台设备离线了7天以上，那么它是离线还是在线？,/Users/wavy/Desktop/auto-st/langchain-LLM/knowledge_base/caxins_ods/vector_store,/Users/wavy/Desktop/auto-st/langchain-LLM/flagged/component 2/tmpdyixgcq2.json,知识库问答,,1568df33b7934a1e8387b3d5c531c9ee,2023-07-25 14:16:23.050039
如果一台设备离线了7天以下，那么它是离线还是在线？,/Users/wavy/Desktop/auto-st/langchain-LLM/knowledge_base/caxins_ods/vector_store,/Users/wavy/Desktop/auto-st/langchain-LLM/flagged/component 2/tmpxtelx0vk.json,知识库问答,,1568df33b7934a1e8387b3d5c531c9ee,2023-07-25 14:16:46.913567
如果一台无线设备离线了7天以下，那么它是离线还是在线？,/Users/wavy/Desktop/auto-st/langchain-LLM/knowledge_base/caxins_ods/vector_store,/Users/wavy/Desktop/auto-st/langchain-LLM/flagged/component 2/tmpce5g9ysq.json,知识库问答,,1568df33b7934a1e8387b3d5c531c9ee,2023-07-25 14:18:10.119452
风险管理部在GPS监控管理中的主要职责,/Users/wavy/Desktop/auto-st/langchain-LLM/knowledge_base/caxins_ods/vector_store,/Users/wavy/Desktop/auto-st/langchain-LLM/flagged/component 2/tmpzjvqbeft.json,知识库问答,,1568df33b7934a1e8387b3d5c531c9ee,2023-07-25 14:22:33.737327
如果一家GPS厂商的GPS在线率比其它厂商的平均在线率低6%，那么还可以还可以继续采购这家厂商的GPS设备吗？,/Users/wavy/Desktop/auto-st/langchain-LLM/knowledge_base/caxins_ods/vector_store,/Users/wavy/Desktop/auto-st/langchain-LLM/flagged/component 2/tmp634xsneb.json,知识库问答,,1568df33b7934a1e8387b3d5c531c9ee,2023-07-25 14:26:53.780551
如果我准备贷款80万买辆库存新车，那么我原则上最少需要支付多少钱作为首付？,/Users/wavy/Desktop/auto-st/langchain-LLM/knowledge_base/caxins_ods/vector_store,/Users/wavy/Desktop/auto-st/langchain-LLM/flagged/component 2/tmp12xcr5o0.json,知识库问答,,1568df33b7934a1e8387b3d5c531c9ee,2023-07-25 14:28:15.663222
你好,/Users/wavy/Desktop/auto-st/langchain-LLM/knowledge_base/新建知识库/vector_store,/Users/wavy/Desktop/auto-st/langchain-LLM/flagged/component 2/tmpzi2n4j93.json,知识库问答,,3708fe126b5f434faeb986d9bd1f9497,2023-07-25 14:55:38.627047
你好,/Users/wavy/Desktop/auto-st/langchain-LLM/knowledge_base/新建知识库/vector_store,/Users/wavy/Desktop/auto-st/langchain-LLM/flagged/component 2/tmp20w4kwzg.json,知识库问答,,93b3ef8f0ea24ae2b4eec74828fffb57,2023-07-25 15:11:00.277520
你好,/Users/wavy/Desktop/auto-st/langchain-LLM/knowledge_base/新建知识库/vector_store,/Users/wavy/Desktop/auto-st/langchain-LLM/flagged/component 2/tmp6o0di4p_.json,知识库问答,,93b3ef8f0ea24ae2b4eec74828fffb57,2023-07-25 15:12:27.200502
你好,/Users/wavy/Desktop/auto-st/langchain-LLM/knowledge_base/caxins_ods/vector_store,/Users/wavy/Desktop/auto-st/langchain-LLM/flagged/component 2/tmp3nzevxbl.json,知识库问答,,93b3ef8f0ea24ae2b4eec74828fffb57,2023-07-25 15:13:18.220608
一年期,/Users/wavy/Desktop/auto-st/langchain-LLM/knowledge_base/caxins_ods/vector_store,/Users/wavy/Desktop/auto-st/langchain-LLM/flagged/component 2/tmpaj7noj7i.json,知识库问答,,08b87d5aeacf40879655c6b55d65a4ca,2023-07-25 15:36:04.653277
你好,/Users/wavy/Desktop/auto-st/langchain-LLM/knowledge_base/新建知识库/vector_store,/Users/wavy/Desktop/auto-st/langchain-LLM/flagged/component 2/tmpascfvy6k.json,知识库问答,,a688abaf9dbb4d8db21b2de4245700a4,2023-07-25 15:41:37.582397
你好,/Users/wavy/Desktop/auto-st/langchain-LLM/knowledge_base/caxins_ods/vector_store,/Users/wavy/Desktop/auto-st/langchain-LLM/flagged/component 2/tmp_aujqpz_.json,知识库问答,,1dcd37e2135f4acaa993eb468792dbc3,2023-07-25 15:44:29.267674
你好,/Users/wavy/Desktop/auto-st/langchain-LLM/knowledge_base/caxins_ods/vector_store,/Users/wavy/Desktop/auto-st/langchain-LLM/flagged/component 2/tmpnool2j3g.json,知识库问答,,3ddca1a27fda435c8827a0393c976271,2023-07-25 15:46:16.285395
你好,/Users/wavy/Desktop/auto-st/langchain-LLM/knowledge_base/caxins_ods/vector_store,/Users/wavy/Desktop/auto-st/langchain-LLM/flagged/component 2/tmpternzo5g.json,知识库问答,,3806d34de97f4b478891e2dd11bf4b79,2023-07-25 15:51:21.248180
你好,/Users/wavy/Desktop/auto-st/langchain-LLM/knowledge_base/caxins_ods/vector_store,/Users/wavy/Desktop/auto-st/langchain-LLM/flagged/component 2/tmpfgp2o7zy.json,知识库问答,,3806d34de97f4b478891e2dd11bf4b79,2023-07-25 15:51:33.211399
你好,/Users/wavy/Desktop/auto-st/langchain-LLM/knowledge_base/caxins_ods/vector_store,/Users/wavy/Desktop/auto-st/langchain-LLM/flagged/component 2/tmpe607rws1.json,知识库问答,,3806d34de97f4b478891e2dd11bf4b79,2023-07-25 15:52:13.490556
你好,/Users/wavy/Desktop/auto-st/langchain-LLM/knowledge_base/caxins_ods/vector_store,/Users/wavy/Desktop/auto-st/langchain-LLM/flagged/component 2/tmpqj5282hh.json,知识库问答,,28a060a519ea4fb8b724249b623683f2,2023-07-25 15:56:37.413602
你好,/Users/wavy/Desktop/auto-st/langchain-LLM/knowledge_base/caxins_ods/vector_store,/Users/wavy/Desktop/auto-st/langchain-LLM/flagged/component 2/tmpmrbfmab5.json,知识库问答,,5a7aa854ee9c4c1bbd92458f77ee1ea8,2023-07-25 15:59:01.616419
你好,/Users/wavy/Desktop/auto-st/langchain-LLM/knowledge_base/caxins_ods/vector_store,/Users/wavy/Desktop/auto-st/langchain-LLM/flagged/component 2/tmpzcy5xmos.json,知识库问答,,5a7aa854ee9c4c1bbd92458f77ee1ea8,2023-07-25 16:00:00.920530
一年期,/Users/wavy/Desktop/auto-st/langchain-LLM/knowledge_base/caxins_ods/vector_store,/Users/wavy/Desktop/auto-st/langchain-LLM/flagged/component 2/tmpm5zgxxp5.json,知识库问答,,5a7aa854ee9c4c1bbd92458f77ee1ea8,2023-07-25 16:01:49.490337
二年期,/Users/wavy/Desktop/auto-st/langchain-LLM/knowledge_base/caxins_ods/vector_store,/Users/wavy/Desktop/auto-st/langchain-LLM/flagged/component 2/tmp8ei_ndoz.json,知识库问答,,5a7aa854ee9c4c1bbd92458f77ee1ea8,2023-07-25 16:02:59.821496
你好,/Users/wavy/Desktop/auto-st/langchain-LLM/knowledge_base/caxins_ods/vector_store,/Users/wavy/Desktop/auto-st/langchain-LLM/flagged/component 2/tmp6azycu9t.json,知识库问答,,4bb347f1fa99492f941b61d2c1ebe5ac,2023-07-25 16:12:35.449340
一年期,/Users/wavy/Desktop/auto-st/langchain-LLM/knowledge_base/caxins_ods/vector_store,/Users/wavy/Desktop/auto-st/langchain-LLM/flagged/component 2/tmpc27l3s4u.json,知识库问答,,4bb347f1fa99492f941b61d2c1ebe5ac,2023-07-25 16:12:49.484054
二年期,/Users/wavy/Desktop/auto-st/langchain-LLM/knowledge_base/caxins_ods/vector_store,/Users/wavy/Desktop/auto-st/langchain-LLM/flagged/component 2/tmpsw34tl7t.json,知识库问答,,4bb347f1fa99492f941b61d2c1ebe5ac,2023-07-25 16:12:56.737845
如果我准备贷款80万买辆库存新车，那么我原则上最少需要支付多少钱作为首付？,/Users/wavy/Desktop/auto-st/langchain-LLM/knowledge_base/caxins_ods/vector_store,/Users/wavy/Desktop/auto-st/langchain-LLM/flagged/component 2/tmpzzw5skqm.json,知识库问答,,4bb347f1fa99492f941b61d2c1ebe5ac,2023-07-25 16:13:18.683777
一个人准备买辆12座的皮卡，可以在长安新生贷款吗？,/Users/wavy/Desktop/auto-st/langchain-LLM/knowledge_base/caxins_ods/vector_store,/Users/wavy/Desktop/auto-st/langchain-LLM/flagged/component 2/tmp6j7wikh5.json,知识库问答,,4bb347f1fa99492f941b61d2c1ebe5ac,2023-07-25 16:13:41.504389
一个人准备买辆12座的皮卡，可以在长安新生贷款吗？,/Users/wavy/Desktop/auto-st/langchain-LLM/knowledge_base/caxins_ods/vector_store,/Users/wavy/Desktop/auto-st/langchain-LLM/flagged/component 2/tmpd8huo6r5.json,知识库问答,,4bb347f1fa99492f941b61d2c1ebe5ac,2023-07-25 16:14:11.141462
一个人准备买辆12座的皮卡，可以在长安新生贷款吗？,/Users/wavy/Desktop/auto-st/langchain-LLM/knowledge_base/caxins_ods/vector_store,/Users/wavy/Desktop/auto-st/langchain-LLM/flagged/component 2/tmprab0lmdq.json,知识库问答,,4bb347f1fa99492f941b61d2c1ebe5ac,2023-07-25 16:14:45.177245
一个人准备买辆12座的皮卡，可以在长安新生贷款吗？,,/Users/wavy/Desktop/auto-st/langchain-LLM/flagged/component 2/tmpjagmzb_z.json,LLM 对话,,5be72ced81af4730b96b46e1536bf519,2023-07-25 16:18:36.069553
一个人准备买辆12座的皮卡，可以在长安新生贷款吗？,/Users/wavy/Desktop/auto-st/langchain-LLM/knowledge_base/caxins_ods/vector_store,/Users/wavy/Desktop/auto-st/langchain-LLM/flagged/component 2/tmp0z3x31ew.json,知识库问答,,5be72ced81af4730b96b46e1536bf519,2023-07-25 16:19:04.642590
一个人准备买辆12座的皮卡，可以在长安新生贷款吗？,/Users/wavy/Desktop/auto-st/langchain-LLM/knowledge_base/caxins_ods/vector_store,/Users/wavy/Desktop/auto-st/langchain-LLM/flagged/component 2/tmpx3a5ejy2.json,知识库问答,,5be72ced81af4730b96b46e1536bf519,2023-07-25 16:19:25.653870
如果我准备贷款80万买辆库存新车，那么我原则上最少需要支付多少钱作为首付？,/Users/wavy/Desktop/auto-st/langchain-LLM/knowledge_base/caxins_ods/vector_store,/Users/wavy/Desktop/auto-st/langchain-LLM/flagged/component 2/tmp2bs0k1eq.json,知识库问答,,5be72ced81af4730b96b46e1536bf519,2023-07-25 16:19:59.344561
风险管理部在GPS监控管理中的主要职责,/Users/wavy/Desktop/auto-st/langchain-LLM/knowledge_base/caxins_ods/vector_store,/Users/wavy/Desktop/auto-st/langchain-LLM/flagged/component 2/tmptvqd6p3w.json,知识库问答,,c7f595df448f4df4aa9e3bd511233493,2023-07-25 16:23:46.592906
如果一家GPS厂商的GPS在线率比其它厂商的平均在线率低6%，那么还可以还可以继续采购这家厂商的GPS设备吗？,/Users/wavy/Desktop/auto-st/langchain-LLM/knowledge_base/caxins_ods/vector_store,/Users/wavy/Desktop/auto-st/langchain-LLM/flagged/component 2/tmpxfis6hzq.json,知识库问答,,c7f595df448f4df4aa9e3bd511233493,2023-07-25 16:24:08.300658
如果一家GPS厂商的GPS在线率比其它厂商的平均在线率低6%，那么还可以还可以继续采购这家厂商的GPS设备吗？,/Users/wavy/Desktop/auto-st/langchain-LLM/knowledge_base/caxins_ods/vector_store,/Users/wavy/Desktop/auto-st/langchain-LLM/flagged/component 2/tmpvi1czr4a.json,知识库测试,,c7f595df448f4df4aa9e3bd511233493,2023-07-25 16:24:31.849776
风险管理部在GPS监控管理中的主要职责,/Users/wavy/Desktop/auto-st/langchain-LLM/knowledge_base/caxins_ods/vector_store,/Users/wavy/Desktop/auto-st/langchain-LLM/flagged/component 2/tmp43f62q_4.json,知识库测试,,c7f595df448f4df4aa9e3bd511233493,2023-07-25 16:24:42.727092
如果一家GPS厂商的GPS在线率比其它厂商的平均在线率低6%，那么还可以还可以继续采购这家厂商的GPS设备吗？,/Users/wavy/Desktop/auto-st/langchain-LLM/knowledge_base/caxins_pds/vector_store,/Users/wavy/Desktop/auto-st/langchain-LLM/flagged/component 2/tmp6nkx9_9s.json,知识库问答,,f8c0337a3bdf46fabf6e1d33780192fc,2023-07-25 16:38:12.326890
风险管理部在GPS监控管理中的主要职责,/Users/wavy/Desktop/auto-st/langchain-LLM/knowledge_base/caxins_pds/vector_store,/Users/wavy/Desktop/auto-st/langchain-LLM/flagged/component 2/tmpcabpqxg6.json,知识库问答,,f8c0337a3bdf46fabf6e1d33780192fc,2023-07-25 16:38:41.949203
如果一家GPS厂商的GPS在线率比其它厂商的平均在线率低6%，那么还可以还可以继续采购这家厂商的GPS设备吗？,/Users/wavy/Desktop/auto-st/langchain-LLM/knowledge_base/caxins_pds/vector_store,/Users/wavy/Desktop/auto-st/langchain-LLM/flagged/component 2/tmpgg082c2j.json,知识库测试,,f8c0337a3bdf46fabf6e1d33780192fc,2023-07-25 16:38:49.862994
风险管理部在GPS监控管理中的主要职责,/Users/wavy/Desktop/auto-st/langchain-LLM/knowledge_base/caxins_pds/vector_store,/Users/wavy/Desktop/auto-st/langchain-LLM/flagged/component 2/tmp1q4ngp_g.json,知识库测试,,f8c0337a3bdf46fabf6e1d33780192fc,2023-07-25 16:39:06.576148
一个人准备买辆12座的皮卡，可以在长安新生贷款吗？,/Users/wavy/Desktop/auto-st/langchain-LLM/knowledge_base/caxins_pds/vector_store,/Users/wavy/Desktop/auto-st/langchain-LLM/flagged/component 2/tmph4sdqva7.json,知识库问答,,f8c0337a3bdf46fabf6e1d33780192fc,2023-07-25 16:39:30.577306
一个人准备买辆12座的皮卡，可以在长安新生贷款吗？,/Users/wavy/Desktop/auto-st/langchain-LLM/knowledge_base/caxins_pds/vector_store,/Users/wavy/Desktop/auto-st/langchain-LLM/flagged/component 2/tmpf_4pu22_.json,知识库测试,,f8c0337a3bdf46fabf6e1d33780192fc,2023-07-25 16:39:45.376096
一个人准备买辆12座的皮卡，可以在长安新生贷款吗？,/Users/wavy/Desktop/auto-st/langchain-LLM/knowledge_base/caxins_pds/vector_store,/Users/wavy/Desktop/auto-st/langchain-LLM/flagged/component 2/tmpyyy1ddr0.json,知识库问答,,f8c0337a3bdf46fabf6e1d33780192fc,2023-07-25 16:40:23.834814
如果我准备贷款80万买辆库存新车，那么我原则上最少需要支付多少钱作为首付？,/Users/wavy/Desktop/auto-st/langchain-LLM/knowledge_base/caxins_pds/vector_store,/Users/wavy/Desktop/auto-st/langchain-LLM/flagged/component 2/tmpyp16g21t.json,知识库问答,,f8c0337a3bdf46fabf6e1d33780192fc,2023-07-25 16:40:54.404072
如果我准备贷款80万买辆库存新车，那么我原则上最少需要支付多少钱作为首付？,/Users/wavy/Desktop/auto-st/langchain-LLM/knowledge_base/caxins_pds/vector_store,/Users/wavy/Desktop/auto-st/langchain-LLM/flagged/component 2/tmpigqo8is7.json,知识库测试,,f8c0337a3bdf46fabf6e1d33780192fc,2023-07-25 16:41:08.873529
如果我准备贷款80万买辆库存新车，那么我原则上最少需要支付多少钱作为首付？,/Users/wavy/Desktop/auto-st/langchain-LLM/knowledge_base/caxins_pds/vector_store,/Users/wavy/Desktop/auto-st/langchain-LLM/flagged/component 2/tmpamlutr2j.json,知识库问答,,f8c0337a3bdf46fabf6e1d33780192fc,2023-07-25 16:41:30.823275
如果我准备贷款80万买辆库存新车，那么我原则上最少需要支付多少钱作为首付？,/Users/wavy/Desktop/auto-st/langchain-LLM/knowledge_base/caxins_ods/vector_store,/Users/wavy/Desktop/auto-st/langchain-LLM/flagged/component 2/tmp1_un_wse.json,知识库问答,,f8c0337a3bdf46fabf6e1d33780192fc,2023-07-25 16:41:45.350705
我月收入1万元，现在想要进行贷款，经过评估，我每个月需要还款9300元，那么我可以在贵公司申请贷款吗？,/Users/wavy/Desktop/auto-st/langchain-LLM/knowledge_base/caxins_ods/vector_store,/Users/wavy/Desktop/auto-st/langchain-LLM/flagged/component 2/tmp8jc3ezuc.json,知识库问答,,2d75db94d36442fca52c8292511ea561,2023-07-25 16:45:26.135713
我月收入1万元，现在想要进行贷款，经过评估，我每个月需要还款9300元，那么我可以在贵公司申请贷款吗？,/Users/wavy/Desktop/auto-st/langchain-LLM/knowledge_base/caxins_ods/vector_store,/Users/wavy/Desktop/auto-st/langchain-LLM/flagged/component 2/tmpaew_7ft6.json,知识库问答,,2d75db94d36442fca52c8292511ea561,2023-07-25 16:46:20.809261
我月收入1万元，现在想要进行贷款，经过评估，我每个月需要还款9000元，那么我可以在贵公司申请贷款吗？,/Users/wavy/Desktop/auto-st/langchain-LLM/knowledge_base/caxins_ods/vector_store,/Users/wavy/Desktop/auto-st/langchain-LLM/flagged/component 2/tmp0tdm8fx2.json,知识库问答,,2d75db94d36442fca52c8292511ea561,2023-07-25 17:03:14.456770
我月收入1万元，现在想要进行贷款，经过评估，我每个月需要还款9000元，那么我可以在贵公司申请贷款吗？,/Users/wavy/Desktop/auto-st/langchain-LLM/knowledge_base/caxins_ods/vector_store,/Users/wavy/Desktop/auto-st/langchain-LLM/flagged/component 2/tmpiniehl57.json,知识库问答,,2d75db94d36442fca52c8292511ea561,2023-07-25 17:04:05.290223
我月收入1万元，现在想要进行贷款，经过评估，我每个月需要还款9000元，那么我可以在贵公司申请贷款吗？,/Users/wavy/Desktop/auto-st/langchain-LLM/knowledge_base/caxins_ods/vector_store,/Users/wavy/Desktop/auto-st/langchain-LLM/flagged/component 2/tmpslne8nbh.json,知识库问答,,2d75db94d36442fca52c8292511ea561,2023-07-25 17:05:54.486394
我月收入1万元，现在想要进行贷款，经过评估，我每个月需要还款9000元，那么我可以在贵公司申请贷款吗？,/Users/wavy/Desktop/auto-st/langchain-LLM/knowledge_base/caxins_ods/vector_store,/Users/wavy/Desktop/auto-st/langchain-LLM/flagged/component 2/tmpj86h69zn.json,知识库问答,,2d75db94d36442fca52c8292511ea561,2023-07-25 17:07:00.773677
我月收入1万元，现在想要进行贷款，经过评估，我每个月需要还款9000元，那么我可以在贵公司申请贷款吗？,/Users/wavy/Desktop/auto-st/langchain-LLM/knowledge_base/caxins_ods/vector_store,/Users/wavy/Desktop/auto-st/langchain-LLM/flagged/component 2/tmp3nwz7f3q.json,知识库问答,,c0a58bb44dd646fa886fe8a05b3eb3b0,2023-07-26 10:24:01.682795
我月收入1万元，现在想要进行贷款，经过评估，我每个月需要还款9000元，那么我可以在贵公司申请贷款吗？,/Users/wavy/Desktop/auto-st/langchain-LLM/knowledge_base/caxins_ods/vector_store,/Users/wavy/Desktop/auto-st/langchain-LLM/flagged/component 2/tmpqx6wfctg.json,知识库问答,,c0a58bb44dd646fa886fe8a05b3eb3b0,2023-07-26 10:24:17.313518
如果我准备贷款80万买辆库存新车，那么我原则上最少需要支付多少钱作为首付？,/Users/wavy/Desktop/auto-st/langchain-LLM/knowledge_base/caxins_ods/vector_store,/Users/wavy/Desktop/auto-st/langchain-LLM/flagged/component 2/tmpzc5aj1k8.json,知识库问答,,8791dcc00b744ca9b866b7e24e42c066,2023-07-26 11:36:38.633350
我是长安新生的员工，我在申请贷款时可以不给车辆安装GPS吗？,/Users/wavy/Desktop/auto-st/langchain-LLM/knowledge_base/caxins_ods/vector_store,/Users/wavy/Desktop/auto-st/langchain-LLM/flagged/component 2/tmpnu_7z72p.json,知识库问答,,8791dcc00b744ca9b866b7e24e42c066,2023-07-26 11:37:07.288563
对于无线GPS设备，离线多少天算作离线设备,/Users/wavy/Desktop/auto-st/langchain-LLM/knowledge_base/caxins_ods/vector_store,/Users/wavy/Desktop/auto-st/langchain-LLM/flagged/component 2/tmpjvl4skca.json,知识库问答,,8791dcc00b744ca9b866b7e24e42c066,2023-07-26 11:38:02.078688
如果一家GPS厂商的GPS在线率比其它厂商的平均在线率低6%，那么还可以还可以继续采购这家厂商的GPS设备吗？,/Users/wavy/Desktop/auto-st/langchain-LLM/knowledge_base/caxins_ods/vector_store,/Users/wavy/Desktop/auto-st/langchain-LLM/flagged/component 2/tmp0fkn3vl6.json,知识库问答,,8791dcc00b744ca9b866b7e24e42c066,2023-07-26 11:39:35.724985
我月收入1万元，现在想要进行贷款，经过评估，我每个月需要还款9300元，那么我可以在贵公司申请贷款吗？,/Users/wavy/Desktop/auto-st/langchain-LLM/knowledge_base/caxins_ods/vector_store,/Users/wavy/Desktop/auto-st/langchain-LLM/flagged/component 2/tmprce9n09b.json,知识库问答,,8791dcc00b744ca9b866b7e24e42c066,2023-07-26 11:40:34.246722
我月收入1万元，现在想要进行贷款，经过评估，我每个月需要还款9000元，那么我可以在贵公司申请贷款吗？,/Users/wavy/Desktop/auto-st/langchain-LLM/knowledge_base/caxins_ods/vector_store,/Users/wavy/Desktop/auto-st/langchain-LLM/flagged/component 2/tmp6dh3nhe3.json,知识库问答,,8791dcc00b744ca9b866b7e24e42c066,2023-07-26 11:41:15.391487
我的其它债务月均偿付额为0,/Users/wavy/Desktop/auto-st/langchain-LLM/knowledge_base/caxins_ods/vector_store,/Users/wavy/Desktop/auto-st/langchain-LLM/flagged/component 2/tmp_vvn3szs.json,知识库问答,,8791dcc00b744ca9b866b7e24e42c066,2023-07-26 11:41:48.639149
那我怎样才能满足贷款要求？,/Users/wavy/Desktop/auto-st/langchain-LLM/knowledge_base/caxins_ods/vector_store,/Users/wavy/Desktop/auto-st/langchain-LLM/flagged/component 2/tmp9talcgyd.json,知识库问答,,8791dcc00b744ca9b866b7e24e42c066,2023-07-26 11:42:37.407887
那我怎样才能满足贷款要求？,/Users/wavy/Desktop/auto-st/langchain-LLM/knowledge_base/caxins_ods/vector_store,,知识库问答,,8791dcc00b744ca9b866b7e24e42c066,2023-07-26 11:42:42.711038
那我怎样才能满足贷款要求？,/Users/wavy/Desktop/auto-st/langchain-LLM/knowledge_base/caxins_ods/vector_store,/Users/wavy/Desktop/auto-st/langchain-LLM/flagged/component 2/tmputlkxez2.json,知识库问答,,8791dcc00b744ca9b866b7e24e42c066,2023-07-26 11:43:48.213843
你好,/Users/wavy/Desktop/auto-st/langchain-LLM/knowledge_base/caxins_ods/vector_store,/Users/wavy/Desktop/auto-st/langchain-LLM/flagged/component 2/tmplevv9rr3.json,知识库问答,,c96a460dce4d4953a5aab215bc38f477,2023-07-26 13:55:04.396646
我月收入1万元，经过评估，贷款买一辆车每月需要还款9000元，那么我能不能在长安新生贷款？,/Users/wavy/Desktop/auto-st/langchain-LLM/knowledge_base/caxins_ods/vector_store,/Users/wavy/Desktop/auto-st/langchain-LLM/flagged/component 2/tmpycvuu4fh.json,知识库问答,,c96a460dce4d4953a5aab215bc38f477,2023-07-26 14:07:34.956744
其他债务月均偿付额为0,/Users/wavy/Desktop/auto-st/langchain-LLM/knowledge_base/caxins_ods/vector_store,/Users/wavy/Desktop/auto-st/langchain-LLM/flagged/component 2/tmpurttngv4.json,知识库问答,,c96a460dce4d4953a5aab215bc38f477,2023-07-26 14:08:20.856531
我现在贷款80万买一辆库存新车，那我至少要付多少首付？,/Users/wavy/Desktop/auto-st/langchain-LLM/knowledge_base/caxins_ods/vector_store,/Users/wavy/Desktop/auto-st/langchain-LLM/flagged/component 2/tmph13ldo07.json,知识库问答,,c96a460dce4d4953a5aab215bc38f477,2023-07-26 14:12:16.427363
我想贷款80万买一辆库存新车，那么我至少要付多少首付？,/Users/wavy/Desktop/auto-st/langchain-LLM/knowledge_base/caxins_ods/vector_store,/Users/wavy/Desktop/auto-st/langchain-LLM/flagged/component 2/tmpl1qk7m4t.json,知识库问答,,15916defe7264be4a0152f3efa0574c7,2023-07-26 14:14:02.654226
风险管理部在GPS监控管理中的主要职责有哪些？,/Users/wavy/Desktop/auto-st/langchain-LLM/knowledge_base/caxins_ods/vector_store,/Users/wavy/Desktop/auto-st/langchain-LLM/flagged/component 2/tmp29ciwjfn.json,知识库问答,,15916defe7264be4a0152f3efa0574c7,2023-07-26 14:15:53.247155
对于无线GPS设备，如果离线天数超过了3天，那么它是什么设备？,/Users/wavy/Desktop/auto-st/langchain-LLM/knowledge_base/caxins_ods/vector_store,/Users/wavy/Desktop/auto-st/langchain-LLM/flagged/component 2/tmpxmd6ckkt.json,知识库问答,,15916defe7264be4a0152f3efa0574c7,2023-07-26 14:17:16.864229
如果一家供应商的GPS设备在线率比其他厂商设备平均在线率低5%，那么会对这家GPS供应商采取什么措施？,/Users/wavy/Desktop/auto-st/langchain-LLM/knowledge_base/caxins_ods/vector_store,/Users/wavy/Desktop/auto-st/langchain-LLM/flagged/component 2/tmpp1kpqd5h.json,知识库问答,,15916defe7264be4a0152f3efa0574c7,2023-07-26 14:18:38.984865
孙悟空和奥特曼也偷偷潜入了会场，他们都争着想做讯飞星火认知大模型的代言人，还为此吵了一架，请根据上述信息创作一个故事。,/Users/wavy/Desktop/auto-st/langchain-LLM/knowledge_base/caxins_ods/vector_store,/Users/wavy/Desktop/auto-st/langchain-LLM/flagged/component 2/tmpq9gj037t.json,知识库问答,,1f1d9095ebfc4df484068845121d17bf,2023-08-08 16:45:40.193554
孙悟空和奥特曼也偷偷潜入了会场，他们都争着想做讯飞星火认知大模型的代言人，还为此吵了一架，请根据上述信息创作一个故事。,/Users/wavy/Desktop/auto-st/langchain-LLM/knowledge_base/caxins_ods/vector_store,/Users/wavy/Desktop/auto-st/langchain-LLM/flagged/component 2/tmp2f7b5_3d.json,LLM 对话,,1f1d9095ebfc4df484068845121d17bf,2023-08-08 16:46:48.695633
https://research.aimultiple.com/large-language-model-evaluation/,/Users/wavy/Desktop/auto-st/langchain-LLM/knowledge_base/新建知识库/vector_store,/Users/wavy/Desktop/auto-st/langchain-LLM/flagged/component 2/tmpeeib_pz8.json,知识库问答,,1f1d9095ebfc4df484068845121d17bf,2023-08-08 16:56:12.215386
https://zhuanlan.zhihu.com/p/345565948,/Users/wavy/Desktop/auto-st/langchain-LLM/knowledge_base/新建知识库/vector_store,/Users/wavy/Desktop/auto-st/langchain-LLM/flagged/component 2/tmp67u2_9f4.json,知识库问答,,1f1d9095ebfc4df484068845121d17bf,2023-08-08 16:58:19.428700
刀郎 罗刹海市,/Users/wavy/Desktop/auto-st/langchain-LLM/knowledge_base/新建知识库/vector_store,/Users/wavy/Desktop/auto-st/langchain-LLM/flagged/component 2/tmp72u8nuof.json,知识库问答,,1f1d9095ebfc4df484068845121d17bf,2023-08-08 16:58:45.756627
客户还清了，但是系统显示没还款，怎么办？,/Users/wavy/Desktop/auto-st/langchain-LLM/knowledge_base/kg_test/vector_store,/Users/wavy/Desktop/auto-st/langchain-LLM/flagged/component 2/tmprs8_gnv1.json,知识库问答,,1f1d9095ebfc4df484068845121d17bf,2023-08-08 17:07:23.827303
"报错：nested exception is org.apache.ibatis.exceptions.TooManyResultsException: Expected one result (or null) to be returned by selectOne(), but found: 9",/Users/wavy/Desktop/auto-st/langchain-LLM/knowledge_base/kg_test/vector_store,/Users/wavy/Desktop/auto-st/langchain-LLM/flagged/component 2/tmpad0qfbtf.json,知识库问答,,1f1d9095ebfc4df484068845121d17bf,2023-08-08 17:12:49.936167
预审批超时，显示客户欠费,/Users/wavy/Desktop/auto-st/langchain-LLM/knowledge_base/kg_test/vector_store,/Users/wavy/Desktop/auto-st/langchain-LLM/flagged/component 2/tmp2h2_g4h2.json,知识库问答,,1f1d9095ebfc4df484068845121d17bf,2023-08-08 17:15:16.741760
客户还清，归还欠款显示无欠款，怎么解决,/Users/wavy/Desktop/auto-st/langchain-LLM/knowledge_base/kg_test/vector_store,/Users/wavy/Desktop/auto-st/langchain-LLM/flagged/component 2/tmp54t9u3rc.json,知识库问答,,1f1d9095ebfc4df484068845121d17bf,2023-08-08 17:18:47.280522
客户还清，归还欠款显示无欠款，怎么办,/Users/wavy/Desktop/auto-st/langchain-LLM/knowledge_base/kg_test/vector_store,/Users/wavy/Desktop/auto-st/langchain-LLM/flagged/component 2/tmp9va7qxlo.json,知识库问答,,1f1d9095ebfc4df484068845121d17bf,2023-08-08 17:19:16.524761
https://zhuanlan.zhihu.com/p/345565948,/Users/wavy/Desktop/auto-st/langchain-LLM/knowledge_base/kg_test/vector_store,/Users/wavy/Desktop/auto-st/langchain-LLM/flagged/component 2/tmpvaop1sbg.json,知识库问答,,1f1d9095ebfc4df484068845121d17bf,2023-08-08 17:20:33.719255
https://zhuanlan.zhihu.com/p/345565948,/Users/wavy/Desktop/auto-st/langchain-LLM/knowledge_base/kg_test/vector_store,/Users/wavy/Desktop/auto-st/langchain-LLM/flagged/component 2/tmp3e1oac33.json,知识库问答,,1f1d9095ebfc4df484068845121d17bf,2023-08-08 17:20:55.043489
https://zhuanlan.zhihu.com/p/345565948,/Users/wavy/Desktop/auto-st/langchain-LLM/knowledge_base/kg_test/vector_store,/Users/wavy/Desktop/auto-st/langchain-LLM/flagged/component 2/tmpoh8e7wgl.json,LLM 对话,,1f1d9095ebfc4df484068845121d17bf,2023-08-08 17:22:59.651121
https://research.aimultiple.com/large-language-model-evaluation/,/Users/wavy/Desktop/auto-st/langchain-LLM/knowledge_base/kg_test/vector_store,/Users/wavy/Desktop/auto-st/langchain-LLM/flagged/component 2/tmphoaxrhf5.json,LLM 对话,,1f1d9095ebfc4df484068845121d17bf,2023-08-08 17:26:41.606577
https://zhuanlan.zhihu.com/p/345565948,/Users/wavy/Desktop/auto-st/langchain-LLM/knowledge_base/kg_test/vector_store,/Users/wavy/Desktop/auto-st/langchain-LLM/flagged/component 2/tmpfw4nh4db.json,LLM 对话,,1f1d9095ebfc4df484068845121d17bf,2023-08-08 17:26:54.603596
